[
	{
		"id" : "1426721296700",
		"host": "api.openweathermap.org",
		"path": "/data/2.5/weather?q=Liverpool,uk&units=metric",
		"start_date" : "1426721296696",
		"end_date" : "1429821296696",
		"type" : "condition",
		"active" : "true",
		"refresh_period" : "6000",
		"condition_group" : [
			{	
				"id" : "1426721296600",
				"condition_name" : "hot",	
				"logic" : {				
					"operator" : ">=",
					"value1" : {"type": "json", "val" :"main.temp"},
					"value2" : {"type": "int", "val" :"20"}
				}
			},
			{
				"id" : "1426721296601",
				"condition_name" : "cold",	
				"logic" : {
					"operator" : "<=",
					"value1" : {"type": "json", "val" :"main.temp"},
					"value2" : {"type": "int", "val" :"10"}
				}
			},
			{
				"id" : "1426721296602",
				"condition_name" : "average",	
				"logic" : {				
					"operator" : "&&",
					"value1" :{ 
						"type": "nest",
						"val": { 
							"operator" : "<",
							"value1" : {"type": "json", "val" :"main.temp"},
							"value2" : {"type": "int", "val" :"20"}
						}
					},
					"value2" : {
						"type": "nest",
						"val": { 
							"operator" : ">",
							"value1" : {"type": "json", "val" :"main.temp"},
							"value2" : {"type": "int", "val" :"10"}
						}
					}
				}
			}
		]
	},
	{
		"id" : "1426721296701",
		"host": "api.openweathermap.org",
		"path": "/data/2.5/weather?q=Liverpool,uk&units=metric",
		"start_date" : "1426721296696",
		"end_date" : "1430821296696",
		"type" : "condition",
		"active" : "true",
		"refresh_period" : "6000",
		"condition_group" : [
			{
				"id" : "1426721296604",
				"condition_name" : "raining",	
				"logic" : {				
					"operator" : "&&",
					"value1" :{ 
						"type": "nest",
						"val": { 
							"operator" : ">=",
							"value1" : {"type": "json", "val" :"weather.0.id"},
							"value2" : {"type": "int", "val" :"200"}
						}
					},
					"value2" : {
						"type": "nest",
						"val": { 
							"operator" : "<=",
							"value1" : {"type": "json", "val" :"weather.0.id"},
							"value2" : {"type": "int", "val" :"622"}
						}
					}
				}
			},
			{
				"id" : "1426721296605",
				"condition_name" : "sunny",	
				"logic" : {				
					"operator" : "&&",
					"value1" :{ 
						"type": "nest",
						"val": { 
							"operator" : ">=",
							"value1" : {"type": "json", "val" :"weather.0.id"},
							"value2" : {"type": "int", "val" :"800"}
						}
					},
					"value2" : {
						"type": "nest",
						"val": { 
							"operator" : "<=",
							"value1" : {"type": "json", "val" :"weather.0.id"},
							"value2" : {"type": "int", "val" :"801"}
						}
					}
				}
			},
			{
				"id" : "1426721296606",
				"condition_name" : "cloudy",	
				"logic" : {				
					"operator" : "&&",
					"value1" :{ 
						"type": "nest",
						"val": { 
							"operator" : ">=",
							"value1" : {"type": "json", "val" :"weather.0.id"},
							"value2" : {"type": "int", "val" :"803"}
						}
					},
					"value2" : {
						"type": "nest",
						"val": { 
							"operator" : "<=",
							"value1" : {"type": "json", "val" :"weather.0.id"},
							"value2" : {"type": "int", "val" :"804"}
						}
					}
				}
			},
			{
				"id" : "1426721296607",
				"condition_name" : "windy",	
				"logic" : {				
					"operator" : "&&",
					"value1" :{ 
						"type": "nest",
						"val": { 
							"operator" : ">=",
							"value1" : {"type": "json", "val" :"weather.0.id"},
							"value2" : {"type": "int", "val" :"956"}
						}
					},
					"value2" : {
						"type": "nest",
						"val": { 
							"operator" : "<=",
							"value1" : {"type": "json", "val" :"weather.0.id"},
							"value2" : {"type": "int", "val" :"962"}
						}
					}
				}
			}
		]
	},
	{
		"id" : "1426721296712",
		"host": "api.worldweatheronline.com",
		"path": "/free/v2/weather.ashx?key=ab640d8b833e44ff8fa491c719859&q=Liverpool&num_of_days=1&tp=1&format=json",
		"start_date" : "1426721296696",
		"end_date" : "1429821296696",
		"type" : "variables",
		"active" : "true",
		"refresh_period" : "6000",
		"variable_group" : [
			{
				"id" : "39485723984",
				"variable_name" : "temperature",
				"variable_data" : "data.current_condition.0.temp_C"
			},
			{
				"id" : "9384720398",
				"variable_name" : "weather_code",
				"variable_data" : "data.current_condition.0.weatherCode"
			},
			{
				"id" : "9384720399",
				"variable_name" : "description",
				"variable_data" : "data.current_condition.0.weatherDesc.0.value"
			}
		]
		
	}
]







