[{ "_id" : { "$oid" : "5523e341faeca6cb5a443b8d" }, "id" : "1426721296600", "name" : "hot", "enabled" : 0, "type" : "condition" },{ "_id" : { "$oid" : "5523e341faeca6cb5a443b8e" }, "id" : "1426721296602", "name" : "average", "enabled" : 1, "type" : "condition" },{ "_id" : { "$oid" : "5523e341faeca6cb5a443b8f" }, "id" : "1426721296601", "name" : "cold", "enabled" : 0, "type" : "condition" },{ "_id" : { "$oid" : "5523e345faeca6cb5a443b90" }, "id" : "1426721296604", "name" : "raining", "enabled" : 0, "type" : "condition" },{ "_id" : { "$oid" : "5523e345faeca6cb5a443b91" }, "id" : "1426721296605", "name" : "sunny", "enabled" : 0, "type" : "condition" },{ "_id" : { "$oid" : "5523e345faeca6cb5a443b92" }, "id" : "1426721296606", "name" : "cloudy", "enabled" : 1, "type" : "condition" },{ "_id" : { "$oid" : "5523e345faeca6cb5a443b93" }, "id" : "1426721296607", "name" : "windy", "enabled" : 0, "type" : "condition" }]
